<?xml version="1.0" encoding="UTF-8"?>
<Configuration status="WARN" monitorInterval="30">
 
    <Properties>
         <Property name="LOG_PATTERN">%d [%p] (%C{1}.%M:%L) : %m%n</Property>
    </Properties>
 
    <Appenders>
 
        <Console name="Console" target="SYSTEM_OUT" follow="true">
            <PatternLayout pattern="${LOG_PATTERN}"/>
        </Console>
         
       <!--  <RollingFile name="debugLog" fileName="C:/HrAppServiceLogsTest/logs/application-debug.log"
            filePattern="C:/HrAppServiceLogs/logs/application-debug-%d{yyyy-MM-dd}-%i.log">
            <LevelRangeFilter minLevel="DEBUG" maxLevel="DEBUG" onMatch="ACCEPT" onMismatch="DENY"/>
            <PatternLayout pattern="${LOG_PATTERN}"/>
            <Policies>
                <SizeBasedTriggeringPolicy size="19500KB" />
            </Policies>
            <DefaultRolloverStrategy max="10"/>
        </RollingFile> -->
         
        <RollingFile name="infoLog" fileName="C:/HrAppServiceLogs/logs/application-info.log"
            filePattern="C:/HrAppServiceLogs/logs/application-info-%d{yyyy-MM-dd}-%i.log" >
            <LevelRangeFilter minLevel="INFO" maxLevel="INFO" onMatch="ACCEPT" onMismatch="DENY"/>
            <PatternLayout pattern="${LOG_PATTERN}"/>
            <Policies>
                <SizeBasedTriggeringPolicy size="19500KB" />
            </Policies>
            <DefaultRolloverStrategy max="10"/>
        </RollingFile>
         
        <RollingFile name="errorLog" fileName="C:/HrAppServiceLogs/logs/application-error.log"
            filePattern="C:/HrAppServiceLogs/logs/application-error-%d{yyyy-MM-dd}-%i.log" >
            <LevelRangeFilter minLevel="ERROR" maxLevel="ERROR" onMatch="ACCEPT" onMismatch="DENY"/>
            <PatternLayout pattern="${LOG_PATTERN}"/>
            <Policies>
                <SizeBasedTriggeringPolicy size="19500KB" />
            </Policies>
            <DefaultRolloverStrategy max="10"/>
        </RollingFile>
         
       <!--  <RollingFile name="springLog" fileName="C:/HrAppServiceLogsTest/logs/spring.log"
            filePattern="C:/HrAppServiceLogs/logs/spring-%d{yyyy-MM-dd}-%i.log" >
            <PatternLayout pattern="${LOG_PATTERN}"/>
            <Policies>
                <SizeBasedTriggeringPolicy size="19500KB" />
            </Policies>
            <DefaultRolloverStrategy max="1"/>
        </RollingFile>
          -->
      <!--   <RollingFile name="aopLog" fileName="C:/HrAppServiceLogs/logs/application-aop.log"
            filePattern="C:/HrAppServiceLogs/logs/application-aop-%d{yyyy-MM-dd}-%i.log" >
            <PatternLayout pattern="${LOG_PATTERN}"/>
            <Policies>
                <SizeBasedTriggeringPolicy size="19500KB" />
            </Policies>
            <DefaultRolloverStrategy max="1"/>
        </RollingFile> -->
         
    </Appenders>
 
    <Loggers>
     
       <!--  <Logger name="com.rnlic.hrapp.security" additivity="false">
            <AppenderRef ref="aopLog" />
            <AppenderRef ref="Console" />
        </Logger> -->
         
        <Logger name="com.rnlic.hrapp" additivity="false">
           <!--  <AppenderRef ref="debugLog" /> -->
            <AppenderRef ref="infoLog"  />
            <AppenderRef ref="errorLog" />
           <!--  <AppenderRef ref="Console"  /> -->
        </Logger>
         
       <!--  <Logger name="org.springframework" additivity="false">
            <AppenderRef ref="springLog" />
            <AppenderRef ref="Console"/>
        </Logger> -->
                 
        <Root level="info">
            <AppenderRef ref="Console"/>
        </Root>
 
    </Loggers>
 
</Configuration>